<?xml version="1.0" encoding="UTF-8"?>
<project-private xmlns="http://www.netbeans.org/ns/project-private/1">
    <editor-bookmarks xmlns="http://www.netbeans.org/ns/editor-bookmarks/2" lastBookmarkId="0"/>
    <open-files xmlns="http://www.netbeans.org/ns/projectui-open-files/2">
        <group>
            <file>file:/C:/Users/sbrodet/Desktop/git%20ici/GSBFrais/includes/class.pdogsb.inc.php</file>
            <file>file:/C:/Users/sbrodet/Desktop/git%20ici/GSBFrais/includes/fct.inc.php</file>
            <file>file:/C:/Users/sbrodet/Desktop/git%20ici/GSBFrais/controleurs/c_connexion.php</file>
        </group>
    </open-files>
</project-private>
