<?xml version="1.0" encoding="UTF-8"?>
<project xmlns="http://www.netbeans.org/ns/project/1">
    <type>org.netbeans.modules.php.project</type>
    <configuration>
        <data xmlns="http://www.netbeans.org/ns/php-project/1">
<<<<<<< HEAD
<<<<<<< HEAD
<<<<<<< HEAD
            <name>GSB-AppliFrais</name>
=======
            <name>GSB-AppliMVC</name>
>>>>>>> origin/master
=======
            <name>GSB-AppliMVC</name>
>>>>>>> origin/master
=======
            <name>GSB-AppliMVC</name>
>>>>>>> origin/master
        </data>
    </configuration>
</project>
